,overall,arxiv,reddit,wikihow,peerread,wikipedia
Accuracy,0.4033057851239669,0.3858974358974359,0.3725690890481064,0.521255060728745,0.41041666666666665,0.2528301886792453
F1-Score,0.5130082867604548,0.5568917668825162,0.3725690890481064,0.6157595450852965,0.5420711974110033,0.4036144578313253
Percision,0.4832970225127088,0.5084459459459459,0.36619718309859156,0.5170532060027285,0.44786096256684493,0.7282608695652174
Recall,0.546611909650924,0.6155419222903885,0.37916666666666665,0.7610441767068273,0.6864754098360656,0.2791666666666667
