,overall,arxiv,reddit,wikihow,peerread,wikipedia
Accuracy,0.5562,0.531,0.517,0.541,0.526,0.666
F1-Score,0.3471609296852015,0.34951456310679613,0.15114235500878734,0.3357452966714906,0.30701754385964913,0.5449591280653951
Percision,0.6562847608453838,0.5701357466063348,0.6231884057971014,0.6073298429319371,0.5706521739130435,0.8547008547008547
Recall,0.236,0.252,0.086,0.232,0.21,0.4
